{
    "Accuracy": 0.9466666666666667,
    "Recall": 0.9466666666666667,
    "Precision": 0.9490123456790123
}